<?xml version="1.0" encoding="UTF-8"?>
<beans xmlns="http://www.springframework.org/schema/beans"

	xmlns:context="http://www.springframework.org/schema/context"

	xmlns:xsi="http://www.w3.org/2001/XMLSchema-instance"

	xmlns:mvc="http://www.springframework.org/schema/mvc"

	xmlns:tx="http://www.springframework.org/schema/tx"



	xsi:schemaLocation="

        http://www.springframework.org/schema/beans    

        http://www.springframework.org/schema/beans/spring-beans-2.5.xsd

        http://www.springframework.org/schema/context

        http://www.springframework.org/schema/context/spring-context.xsd

        http://www.springframework.org/schema/mvc

        http://www.springframework.org/schema/mvc/spring-mvc.xsd

        http://www.springframework.org/schema/tx

        http://www.springframework.org/schema/tx/spring-tx-3.0.xsd">
        
        <bean id="circle" class="com.cg.shapes.Circle">
 <property name="center" ref="center" />
 </bean>
 <bean id="center" class="com.cg.shapes.Point">
 <property name="x" value="55"/>
 <property name="y" value="66"/>
 
 </bean>
 <bean id="messageSource" 
 class="org.springframework.context.support.ResourceBundleMessageSource">
 
 <property name="basenames">
 <list>
 <value>applicationResource</value>
 </list>
 
 </property>
 </bean>
  <!-- <bean id="point" class="com.cg.shapes.Point">
 <property name="x" value="33"/>
 <property name="y" value="44"/>
 
 </bean>  -->
 <!-- <bean id="center" class="com.cg.shapes.Point">
 <property name="x" value="55"/>
 <property name="y" value="66"/>
 
 </bean>  -->
<!--   
 <bean id="circle" class="com.cg.shapes.Circle">
 <property name="center" ref="point" />
  
 </bean>-->
<!--  <bean class="org.springframework.beans.factory.annotation.RequiredAnnotationBeanPostProcessor"/>
  <bean class="org.springframework.beans.factory.annotation.AutowiredAnnotationBeanPostProcessor"/> --> 

          
<!-- <context:annotation-config/>
<context:component-scan base-package="com.cg"/> -->
<context:annotation-config/>

</beans>
