<?xml version="1.0" encoding="UTF-8"?>

 

<beans xmlns="http://www.springframework.org/schema/beans"

 

    xmlns:context="http://www.springframework.org/schema/context"

 

    xmlns:xsi="http://www.w3.org/2001/XMLSchema-instance"

 

    xmlns:mvc="http://www.springframework.org/schema/mvc"

 

    xmlns:tx="http://www.springframework.org/schema/tx"

 

 

    xsi:schemaLocation="

 

        http://www.springframework.org/schema/beans    

 

        http://www.springframework.org/schema/beans/spring-beans-2.5.xsd

 

        http://www.springframework.org/schema/context

 

        http://www.springframework.org/schema/context/spring-context.xsd

 

        http://www.springframework.org/schema/mvc

 

        http://www.springframework.org/schema/mvc/spring-mvc.xsd

 

        http://www.springframework.org/schema/tx

 

        http://www.springframework.org/schema/tx/spring-tx-3.0.xsd"
        default-destroy-method="myDestroy">

 

         
         <!--   <property name="type" value="scalene"/>-->
         <!--  <constructor-arg value="Equilateral"/>--><!-- constructor based injection -->
         <!--  <property name="type" value="Isoceles"/>
         <property name="height" value="20"/>-->
           <!-- <constructor-arg value="Scalene"/>
      <constructor-arg value="50" type="int"/> type="java.lang.String -->
        <!-- <constructor-arg value="40" index="1"/>
        <constructor-arg value="Equilateral" index="0"/> -->
        
         <bean id="triangle" class="com.cg.Triangle">
         <!-- <property name="pointA" ref="zeroPoint"/>
         <property name="pointB" ref="point2"/>
         <property name="pointC" ref="point3"/> -->
         <property name="points">
         <list>
              <ref bean="zeroPoint"/>
              <ref bean="point2"/>
              <ref bean="point3"/>
         </list>
         </property>
          </bean>
            
            <bean id="zeroPoint" class="com.cg.Point">
            <property name="x" value="00"/>
            <property name="y" value="01"/>
            </bean>
            <bean id="point2" class="com.cg.Point">
            <property name="x" value="${point2.x}"/>
            <property name="y" value="${point2.y}"/>
            </bean>
            <bean id="point3" class="com.cg.Point">
            <property name="x" value="001"/>
            <property name="y" value="010"/>
            </bean>
            <bean id="circle" class="com.cg.Circle" autowire="byType" init-method="startUp" destroy-method="myDestroy" scope="prototype"/>
            <bean class="MyBeanFactoryPP"/>
           <!--  <bean class="com.cg.DisplayNameBeanPostProcessor"/> -->
           
           
           <bean class="org.springframework.beans.factory.config.PropertyPlaceholderConfigure">
          <!--  <property name="Location" value="pointConfig.properities"></property> -->
          <property name="Locations"> 
           <list>
          <value>pointConfig.properities</value>
          <value>propt.proporities</value>
          
          </list>
          </property>  
           </bean>
         
   

</beans>