<?xml version="1.0" encoding="UTF-8"?>

<beans xmlns="http://www.springframework.org/schema/beans"

	xmlns:context="http://www.springframework.org/schema/context"

	xmlns:xsi="http://www.w3.org/2001/XMLSchema-instance"

	xmlns:mvc="http://www.springframework.org/schema/mvc"

	xmlns:tx="http://www.springframework.org/schema/tx"



	xsi:schemaLocation="

        http://www.springframework.org/schema/beans    

        http://www.springframework.org/schema/beans/spring-beans-2.5.xsd

        http://www.springframework.org/schema/context

        http://www.springframework.org/schema/context/spring-context.xsd

        http://www.springframework.org/schema/mvc

        http://www.springframework.org/schema/mvc/spring-mvc.xsd

        http://www.springframework.org/schema/tx

        http://www.springframework.org/schema/tx/spring-tx-3.0.xsd">


	<bean id="employee1" class="Lab4.Employee">
		<property name="id" value="100" />
		<property name="name" value="Amber" />
		<property name="salary" value="20000" />
		<property name="age" value="80" />
	</bean>
	<bean id="employee2" class="Lab4.Employee">
		<property name="id" value="101" />
		<property name="name" value="Prakash" />
		<property name="salary" value="30000" />
		<property name="age" value="50" />
	</bean>
	<bean id="employee3" class="Lab4.Employee">
		<property name="id" value="102" />
		<property name="name" value="Rai" />
		<property name="salary" value="40000" />
		<property name="age" value="90" />
	</bean>

	<bean id="sbu" class="Lab4.SBU">
		<property name="sbuId" value="10991" />
		<property name="sbuName" value="Amber" />
		<property name="sbuHead" value="Vasanth Kumar" />
		<property name="empList">
			<list>
				<ref bean="employee1" />
				<ref bean="employee2"/>
				<ref bean="employee3"/>
			</list>
		</property>
	</bean>

</beans>