<?xml version="1.0" encoding="UTF-8"?>

<beans xmlns="http://www.springframework.org/schema/beans"

	xmlns:context="http://www.springframework.org/schema/context"

	xmlns:xsi="http://www.w3.org/2001/XMLSchema-instance"

	xmlns:mvc="http://www.springframework.org/schema/mvc"

	xmlns:tx="http://www.springframework.org/schema/tx"



	xsi:schemaLocation="

        http://www.springframework.org/schema/beans    

        http://www.springframework.org/schema/beans/spring-beans-2.5.xsd

        http://www.springframework.org/schema/context

        http://www.springframework.org/schema/context/spring-context.xsd

        http://www.springframework.org/schema/mvc

        http://www.springframework.org/schema/mvc/spring-mvc.xsd

        http://www.springframework.org/schema/tx

        http://www.springframework.org/schema/tx/spring-tx-3.0.xsd">


	<bean id="employee" class="Lab1.Employee">
		<property name="id" value="100" />
		<property name="name" value="Amber" />
		<property name="salary" value="20000" />
		<property name="BU" value="BU" />
		<property name="age" value="80" />
		<property name="sbu" ref="sbu"/>
	</bean>

	<bean id="sbu" class="Lab1.SBU">
		<property name="sbuId" value="101" />
		<property name="sbuName" value="Amber" />
		<property name="sbuHead" value="Vasanth Kumar" />
	</bean>

</beans>